STUID,GENDER,ETHNICITYID,DISTRICTID,FEEDERID,PROGRAMSTART,PROGRAMSTATUSID,GRADDATE,PROGRAMEND
1,F,8,393,107,9/26/2000,1,,
4,F,8,75,107,8/20/2001,2,6/13/2004,5/27/2004
89,M,8,75,164,1/17/2005,3,,
113,M,8,393,164,8/20/2001,3,,
551,M,13,393,164,8/20/2008,4,,
639,M,8,75,104,8/12/2013,3,,
653,M,8,75,164,8/1/2001,3,,1/15/2002
749,M,9,393,164,8/13/2007,3,,
1217,F,13,393,148,1/18/2001,2,6/13/2004,5/27/2004
1303,M,10,38,164,8/19/2002,2,6/11/2006,5/19/2006
1353,M,9,393,104,8/20/2001,1,,
1652,M,8,393,116,8/20/2001,3,,
2030,F,15,393,143,1/19/2002,1,,
2077,M,8,75,93,8/20/2001,3,,
2158,M,10,393,155,3/25/2011,2,6/11/2016,5/16/2016
2515,M,13,25,152,8/13/2007,4,,
2694,M,8,393,143,1/1/2020,3,,
2695,M,8,393,164,8/1/2022,1,,
2788,M,8,393,164,5/27/2011,3,,
2792,M,8,393,164,1/16/2006,2,6/9/2007,5/19/2006
3136,M,8,75,152,8/19/2013,3,,
3301,M,13,75,700,8/20/2001,3,,
3573,M,12,393,104,8/19/2002,1,,
3593,F,13,394,152,8/6/2002,1,,
3641,M,8,38,164,1/13/2003,2,6/18/2005,5/30/2005
3642,M,8,38,700,1/19/2009,3,,
3845,F,13,393,134,8/6/2002,2,12/11/2004,12/11/2004
3864,M,8,75,700,7/30/2004,1,,
3874,M,8,75,164,8/17/2009,4,,
3880,F,8,186,152,8/6/2002,1,,
4258,M,8,75,152,8/14/2006,2,1/28/2012,5/24/2011
4369,M,8,38,164,5/18/2010,1,,
4370,M,8,38,156,8/16/2010,2,10/23/2021,5/20/2021
4395,M,11,393,164,8/15/2005,1,,
4396,F,10,186,164,8/18/2008,4,,
4407,M,15,75,700,8/16/2002,2,6/18/2005,5/30/2005
4446,F,15,393,164,8/16/2004,2,6/11/2006,5/19/2006
4484,M,13,393,164,8/18/2003,2,6/18/2005,5/30/2005
4508,F,10,186,700,1/13/2003,1,,
4518,M,8,393,164,8/18/2003,2,6/18/2005,5/30/2005
4538,M,14,75,128,1/13/2003,2,6/11/2006,5/19/2006
4566,M,13,393,117,1/13/2003,2,6/11/2006,5/19/2006
4584,M,8,75,164,8/18/2008,3,,
4602,M,12,393,104,8/18/2003,2,6/14/2008,5/19/2008
4639,M,13,393,104,8/18/2003,2,6/14/2008,5/19/2008
4672,F,13,75,142,8/18/2003,2,6/11/2006,5/19/2006
4699,M,8,393,93,8/18/2003,1,,
4706,M,8,393,164,1/1/2021,5,,
4716,M,13,393,164,8/16/2004,2,6/9/2007,5/18/2007
4751,M,13,75,120,8/18/2003,1,,
4758,M,10,393,126,8/18/2003,2,6/14/2008,5/19/2008
4788,M,8,75,152,8/13/2007,3,,
4798,F,9,75,107,8/18/2003,3,,
4818,M,8,75,120,8/18/2003,3,,
4829,M,13,75,166,8/18/2003,3,,
4859,F,8,75,152,8/13/2007,1,,
4869,M,13,394,121,8/18/2003,3,,
4880,M,8,38,126,8/18/2003,2,6/11/2006,5/19/2006
4920,F,10,75,164,8/18/2008,4,,
4929,M,11,393,158,1/14/2008,3,,
4934,M,10,394,98,8/18/2003,2,7/18/2008,5/19/2008
4963,F,14,38,155,8/18/2003,2,6/18/2005,5/30/2005
4987,M,8,393,104,8/18/2003,2,6/9/2007,5/19/2006
5016,M,8,75,152,8/18/2003,3,,
5031,M,10,75,166,12/15/2005,3,,
5055,M,12,186,164,1/17/2011,1,,
5056,M,12,186,158,8/18/2003,1,,
5091,M,13,393,142,8/18/2003,2,6/18/2005,5/30/2005
5116,M,8,393,164,8/13/2007,3,,
5125,M,13,393,132,8/18/2003,3,,
5142,F,8,393,104,1/17/2005,1,,
5148,M,12,393,152,8/18/2003,2,12/7/2006,12/7/2006
5165,M,13,25,135,8/18/2003,1,,
5167,M,13,393,164,8/16/2004,3,,
5181,F,13,393,142,8/18/2003,3,,
5207,M,13,393,119,8/18/2003,2,6/11/2006,5/19/2006
5237,F,8,38,155,8/18/2003,2,12/14/2007,5/30/2005
5261,M,14,393,700,8/18/2003,3,,
5265,F,8,393,104,8/18/2003,3,,
5287,M,14,393,164,8/18/2003,2,12/7/2006,12/7/2006
5320,F,14,393,164,8/17/2009,2,6/18/2011,5/24/2011
5337,F,13,393,104,8/18/2003,1,,
5359,M,14,25,152,8/15/2005,1,,
5385,F,8,393,164,8/14/2006,3,,
5388,M,8,393,169,1/20/2014,3,,
5394,M,8,75,148,1/17/2005,1,,
5400,F,8,393,164,6/29/2005,3,,
5455,M,13,75,700,7/30/2004,3,,
5464,M,10,75,93,8/1/2019,5,,
5483,M,8,75,120,5/27/2012,3,,
5501,M,15,75,148,8/15/2005,2,6/9/2007,5/18/2007
5523,M,8,75,700,7/30/2004,3,,
5529,M,13,25,700,8/16/2004,3,,
5546,F,8,25,700,8/16/2004,3,,
5555,M,13,25,700,7/30/2004,3,,
5570,M,8,75,148,8/18/2008,4,,
5576,F,12,186,127,8/16/2004,1,,
5595,F,12,186,700,7/30/2004,3,,
5606,M,10,75,700,7/30/2004,3,,
5616,M,15,75,123,8/16/2004,2,6/11/2006,5/19/2006
5642,M,13,25,164,8/15/2005,1,,
5661,M,15,393,123,8/16/2004,2,6/11/2006,5/19/2006
5686,M,8,393,700,7/30/2004,3,,
5696,F,13,393,101,8/16/2004,1,,
5702,M,8,393,104,8/18/2008,3,,
5713,M,16,393,700,8/16/2004,4,,
5735,M,13,393,700,7/30/2004,4,,
5763,M,13,393,119,8/16/2004,2,6/20/2009,5/26/2009
5800,M,8,75,93,8/16/2004,3,,
5819,M,14,25,700,8/16/2004,1,,
5826,F,8,38,700,8/16/2004,1,,
5833,F,8,38,700,7/30/2004,3,,
5845,M,8,393,104,8/16/2004,2,6/9/2007,5/18/2007
5874,M,13,393,700,8/16/2004,2,6/11/2006,5/19/2006
5900,M,10,393,164,8/15/2005,2,6/14/2008,5/19/2008
5923,M,13,393,104,8/16/2004,2,6/11/2006,5/19/2006
5948,M,14,394,116,8/16/2004,2,6/11/2006,5/19/2006
5973,M,14,393,700,1/5/2005,3,,
5976,M,13,75,700,7/30/2004,3,,
5987,M,13,393,700,7/30/2004,3,,
6013,M,8,38,700,7/30/2004,3,,
6018,M,9,38,148,8/16/2004,3,,
6069,M,13,393,164,1/17/2005,1,,
6081,F,13,393,164,1/26/2004,2,6/11/2006,5/19/2006
6096,F,13,393,164,1/17/2005,2,6/11/2006,5/19/2006
6111,M,8,75,152,8/16/2004,2,6/11/2006,5/19/2006
6128,M,15,75,123,8/16/2004,2,6/11/2006,5/19/2006
6153,M,10,75,148,1/17/2005,2,7/24/2009,7/24/2009
6191,M,15,75,700,1/5/2005,3,,
6195,M,9,75,107,1/17/2005,1,,
6229,F,8,75,142,1/6/2005,3,,
6243,M,8,393,152,1/6/2005,3,,
6260,M,13,25,135,1/26/2005,1,,
6287,F,14,75,700,1/17/2005,3,,
6300,F,8,393,104,1/6/2005,1,,
6309,M,10,75,700,1/6/2005,3,,
6316,F,8,393,105,1/17/2005,1,,
6321,M,7,393,104,1/5/2005,1,,
6332,M,13,393,133,1/17/2005,2,7/24/2009,7/24/2009
6366,F,13,393,164,8/15/2005,1,,
6373,M,12,75,158,8/18/2008,3,,
6404,M,13,25,138,8/15/2005,3,,
6423,M,8,75,120,8/15/2005,2,6/20/2009,5/26/2009
6461,F,8,75,93,6/2/2005,1,,
6467,M,8,75,120,8/15/2005,2,6/16/2012,5/22/2012
6498,M,13,393,111,8/12/2013,4,,
6499,M,13,393,111,8/1/2022,5,,
6524,F,8,25,134,8/15/2005,4,,
6554,F,8,75,176,8/15/2016,1,,
6591,M,13,25,164,8/14/2006,1,,
6599,F,13,38,156,8/13/2007,4,,
6611,F,13,700,164,8/20/2008,3,,
6623,M,8,393,142,8/15/2005,2,6/16/2012,5/22/2012
6666,M,10,38,155,6/2/2005,3,,
6672,M,13,393,164,8/19/2013,3,,
6674,M,8,75,111,8/15/2005,4,,
6713,M,8,75,166,8/15/2005,1,,
6720,M,14,393,101,8/15/2005,4,,
6743,M,10,38,164,1/14/2008,3,,
6756,M,8,393,104,8/15/2005,1,,
6762,M,15,393,104,8/15/2005,2,6/14/2008,5/16/2008
6793,M,15,393,164,1/16/2006,2,6/14/2008,5/19/2008
6816,M,9,393,104,6/2/2005,3,,
6817,M,9,393,104,8/1/2020,5,,
6848,M,13,393,91,8/18/2014,3,,
6853,F,13,393,142,6/2/2005,3,,
6880,M,12,393,101,6/2/2005,3,,
6887,F,10,38,126,8/15/2005,4,,
6896,M,8,75,104,5/31/2005,1,,
6904,M,14,393,101,8/15/2005,4,,
6934,M,8,75,164,8/20/2008,2,6/19/2010,5/25/2010
6960,M,12,393,98,8/15/2016,2,2/11/2017,12/12/2016
6961,M,12,393,98,8/15/2005,4,,
6962,M,12,393,164,1/18/2010,3,,
7018,F,9,186,152,6/2/2005,1,,
7020,M,7,393,101,6/2/2005,3,,
7026,M,8,186,164,1/16/2006,1,,
7065,M,15,75,120,8/15/2005,1,,
7079,M,10,75,125,8/15/2005,3,,
7090,M,8,75,104,6/2/2005,3,,
7096,M,13,25,108,8/15/2005,4,,
7126,M,8,75,93,6/2/2005,1,,
7135,M,13,393,104,7/4/2006,3,,
7136,M,13,393,104,8/17/2015,5,,
7186,F,13,75,132,8/15/2005,2,6/14/2008,12/14/2007
7217,F,13,25,134,8/15/2005,1,,
7226,F,13,393,142,8/15/2005,2,6/14/2008,7/21/2007
7253,M,8,393,104,6/2/2005,3,,
7258,M,13,393,164,8/14/2006,3,,
7259,M,13,393,104,8/15/2011,3,,
7260,M,13,393,104,8/12/2013,2,6/16/2018,5/14/2018
7293,M,13,393,132,8/15/2005,3,,
7335,F,12,186,127,6/2/2005,1,,
7340,M,13,394,164,8/12/2013,2,2/7/2015,7/25/2014
7341,M,13,394,116,6/9/2005,3,,
7407,M,13,186,127,6/9/2005,4,,
7424,M,12,186,158,6/10/2005,3,,
7430,M,8,75,164,1/16/2006,3,,
7439,F,11,38,126,8/15/2005,1,,
7448,M,8,75,107,6/30/2005,1,,
7452,F,8,75,120,7/4/2005,3,,
7457,M,12,186,158,8/1/2018,3,,
7467,M,13,393,143,1/20/2013,4,,
7477,M,15,25,128,11/7/2005,3,,
7492,M,13,393,108,1/16/2006,1,,
7505,M,8,75,93,8/14/2006,1,,
7512,M,8,75,125,5/9/2006,3,,
7535,M,8,393,98,8/14/2006,2,6/20/2009,5/26/2009
7575,M,13,75,129,5/31/2006,3,,
7581,M,8,38,155,8/14/2006,3,,
7631,M,8,38,126,8/14/2006,4,,
7662,M,14,393,164,1/15/2007,2,6/14/2008,5/19/2008
7687,M,14,25,164,8/13/2007,3,,
7688,M,14,25,700,8/14/2006,1,,
7707,M,8,393,164,8/15/2016,3,,
7710,M,13,393,132,8/14/2006,1,,
7746,F,13,393,104,2/10/2006,3,,
7755,F,13,393,142,2/10/2006,4,,
7770,M,14,393,104,8/14/2006,2,6/19/2010,5/25/2010
7800,M,13,75,129,8/14/2006,2,1/28/2012,12/12/2011
7842,M,13,393,142,4/24/2006,4,,
7869,M,8,38,155,1/24/2006,2,6/19/2010,5/25/2010
7902,F,8,393,104,8/14/2006,1,,
7914,M,8,75,120,8/14/2006,2,6/18/2011,5/24/2011
7950,F,8,75,125,8/14/2006,3,,
7962,M,13,393,104,12/11/2006,3,,
7973,F,8,393,104,1/27/2006,1,,
7974,F,8,393,104,1/4/2018,1,,
8005,M,13,393,104,1/27/2006,3,,
8013,F,15,394,117,4/28/2006,1,,
8016,M,13,75,107,4/28/2006,3,,
8026,M,8,75,136,8/14/2006,2,6/19/2010,5/25/2010
8062,F,8,75,140,8/13/2007,4,,
8067,F,13,25,156,2/25/2006,3,,
8073,M,8,38,155,8/14/2006,2,7/23/2010,5/25/2010
8109,F,8,38,155,8/15/2006,2,6/14/2014,5/19/2014
8147,M,13,393,132,8/14/2006,1,,
8153,M,13,75,125,5/30/2006,3,,
8171,M,9,393,91,8/17/2009,3,,
8182,F,8,75,152,5/31/2012,4,,
8205,F,8,393,142,8/14/2006,3,,
8221,M,13,394,164,8/18/2008,1,,
8234,M,13,393,142,6/13/2006,3,,
8241,F,13,393,700,2/11/2006,3,,
8247,M,13,25,138,8/14/2006,2,1/29/2011,12/14/2009
8271,M,8,75,125,8/14/2006,3,,
8286,F,8,75,125,5/30/2006,1,,
8294,M,8,75,148,8/14/2006,3,,
8300,F,13,393,143,5/18/2010,3,,
8307,F,13,25,152,8/14/2006,2,6/14/2008,5/19/2008
8326,F,13,393,123,5/31/2006,3,,
8339,M,10,393,155,8/14/2006,2,6/20/2009,5/26/2009
8375,F,13,394,116,8/14/2006,3,,
8397,F,8,393,132,5/29/2006,3,,
8404,M,8,75,164,8/18/2008,3,,
8420,M,13,393,142,7/6/2006,3,,
8428,M,9,186,158,8/13/2007,1,,
8440,F,13,38,94,1/15/2007,3,,
8473,M,13,393,132,7/6/2006,3,,
8492,M,13,393,104,1/15/2007,2,6/20/2009,5/26/2009
8521,M,13,393,98,8/14/2006,3,,
8554,M,8,393,125,8/14/2006,3,,
8593,M,12,75,164,8/19/2013,3,,
8602,F,13,393,119,8/14/2006,1,,
8620,M,8,75,143,8/14/2006,3,,
8640,M,8,75,104,12/11/2006,1,,
8675,M,13,393,104,8/13/2007,2,2/7/2015,5/13/2012
8704,M,8,75,125,12/11/2006,3,,
8721,M,13,393,104,1/15/2007,2,1/16/2010,12/14/2009
8751,M,13,25,138,12/11/2006,3,,
8780,F,8,393,104,12/11/2006,3,,
8789,M,14,75,111,12/11/2006,3,,
8792,M,12,186,158,12/11/2006,3,,
8793,M,12,186,158,8/1/2022,5,,
8804,M,8,38,155,8/13/2007,2,6/18/2011,5/24/2011
8834,M,15,393,123,8/13/2007,2,6/20/2009,5/26/2009
8858,M,13,393,104,8/13/2007,2,6/20/2009,5/26/2009
8884,M,8,75,120,8/13/2007,2,6/15/2013,5/24/2011
8921,M,8,75,129,8/13/2007,4,,
8942,M,13,393,132,1/14/2008,2,6/18/2011,5/24/2011
8989,M,8,393,139,8/18/2008,3,,
9015,M,8,393,104,8/13/2007,3,,
9021,M,13,25,134,8/13/2007,2,6/19/2010,5/25/2010
9047,M,13,75,155,8/13/2007,2,1/28/2011,12/12/2011
9076,M,14,393,700,8/13/2007,3,,
9093,M,8,75,700,8/13/2007,1,,
9123,M,13,393,164,1/20/2013,4,,
9126,M,13,75,101,8/18/2008,3,,
9140,F,8,75,149,8/13/2007,4,,
9152,M,13,393,142,8/13/2007,3,,
9181,M,8,75,166,8/13/2007,3,,
9202,F,14,393,700,8/13/2007,2,6/20/2009,5/25/2009
9230,M,8,393,104,8/13/2007,1,,
9237,M,13,393,104,8/13/2007,4,,
9244,M,13,393,104,8/13/2007,4,,
9289,M,10,393,101,8/13/2007,4,,
9299,M,12,393,104,8/13/2007,3,,
9318,F,13,393,142,8/13/2007,1,,
9331,M,8,393,104,8/13/2007,1,,
9332,M,8,393,104,5/14/2010,3,,
9355,M,8,75,158,8/13/2007,1,,
9367,M,10,38,91,8/20/2008,2,7/20/2012,7/20/2012
9396,F,13,38,126,8/13/2007,4,,
9406,F,8,393,104,8/13/2007,4,,
9431,F,12,186,158,1/19/2009,4,,
9433,M,13,75,91,8/18/2008,3,,
9458,M,8,75,126,8/13/2007,1,,
9464,F,13,393,104,8/13/2007,4,,
9490,M,12,393,104,8/13/2007,1,,
9504,M,8,393,104,8/13/2007,3,,
9510,M,13,75,152,1/16/2012,2,6/14/2014,5/19/2014
9532,M,13,75,148,8/13/2007,3,,
9548,M,13,393,139,8/13/2007,3,,
9567,M,8,393,700,1/19/2009,3,,
9590,M,13,393,132,1/14/2008,3,,
9613,M,13,393,139,1/14/2008,2,1/29/2011,12/20/2010
9649,M,8,393,101,8/20/2008,4,,
9683,M,13,75,132,1/14/2008,2,6/16/2012,5/22/2012
9719,M,13,393,164,8/20/2008,2,6/16/2012,5/22/2012
9751,M,8,75,96,8/12/2013,3,,
9760,M,13,393,143,1/14/2008,3,,
9764,M,8,393,139,1/14/2008,1,,
9772,M,8,75,152,1/14/2008,1,,
9779,F,12,186,127,1/14/2008,4,,
9791,F,12,393,127,1/14/2008,2,6/11/2016,5/18/2015
9822,F,12,186,127,8/18/2008,4,,
9828,M,8,393,104,1/14/2008,3,,
9834,M,15,75,164,8/13/2012,3,,
9838,M,13,393,99,5/17/2010,1,,
9851,M,8,393,109,1/18/2010,2,6/14/2014,5/19/2014
9876,F,8,393,119,8/18/2008,3,,
9888,M,12,38,126,8/20/2008,2,6/19/2010,5/25/2010
9916,M,8,38,164,8/18/2014,1,,
9939,M,8,393,100,8/18/2008,3,,
9942,M,8,75,166,8/18/2008,3,,
9943,M,8,75,164,8/15/2016,3,,
9965,F,8,75,93,8/18/2008,3,,
9970,M,13,393,142,8/20/2008,2,1/28/2012,12/12/2011
10001,M,8,75,120,8/18/2008,3,,
10004,M,10,38,155,8/18/2008,4,,
10013,M,8,393,700,6/16/2008,4,,
10018,M,8,393,158,8/20/2008,1,,
10034,M,13,393,104,8/18/2008,4,,
10074,M,10,38,118,8/8/2008,3,,
10086,M,8,75,166,8/20/2008,2,1/29/2011,12/20/2010
10114,M,10,38,118,8/18/2008,3,,
10145,F,8,75,125,8/18/2008,1,,
10156,M,13,393,164,1/16/2012,4,,
10173,F,8,75,136,8/20/2008,4,,
10182,M,12,393,132,8/20/2008,2,6/19/2010,5/25/2010
10208,M,13,25,138,8/20/2008,2,6/19/2010,5/25/2010
10239,M,12,393,104,8/20/2008,2,6/19/2010,5/25/2010
10266,M,8,75,166,8/18/2008,3,,
10275,M,7,393,123,8/18/2008,3,,
10293,M,8,75,108,8/18/2008,3,,
10306,M,8,393,104,8/20/2008,1,,
10321,M,13,393,132,8/20/2008,2,6/19/2010,5/25/2010
10347,M,8,38,155,8/18/2008,3,,
10375,M,8,393,139,8/18/2008,4,,
10382,F,15,75,125,8/20/2008,2,6/18/2011,5/24/2011
10415,M,13,393,164,8/1/2019,5,,
10427,F,13,393,139,8/18/2008,4,,
10437,M,13,393,142,8/17/2015,3,,
10446,M,8,393,104,8/20/2008,2,12/20/2010,1/29/2011
10471,M,8,393,700,1/19/2009,3,,
10500,M,13,75,121,8/18/2008,3,,
10506,F,9,75,152,8/13/2012,1,,
10533,F,8,75,148,8/18/2008,3,,
10542,M,13,393,700,1/19/2009,3,,
10565,M,8,393,164,1/20/2013,3,,
10568,M,8,393,104,8/1/2018,5,,
10591,M,8,393,164,1/18/2010,3,,
10601,M,13,393,164,8/19/2013,3,,
10609,F,8,393,164,8/12/2013,3,,
10614,M,14,393,164,8/20/2008,2,1/29/2011,12/20/2010
10627,M,13,393,138,8/18/2008,3,,
10646,M,15,75,123,8/20/2008,3,,
10653,M,13,393,123,8/18/2008,3,,
10669,M,8,393,132,8/20/2008,1,,
10677,M,9,186,700,1/19/2009,3,,
10697,F,10,393,104,8/18/2008,3,,
10715,M,10,38,118,8/18/2008,1,,
10720,M,8,393,104,8/18/2008,1,,
10731,M,13,38,155,8/18/2008,3,,
10734,M,8,393,700,1/19/2009,3,,
10762,M,8,75,125,8/18/2008,3,,
10773,F,8,75,120,8/20/2008,4,,
10785,M,13,25,164,8/15/2016,3,,
10788,M,8,75,164,1/17/2011,3,,
10793,F,13,393,151,8/17/2009,4,,
10801,M,13,38,155,5/15/2009,1,,
10807,M,14,393,104,8/17/2009,2,6/18/2011,5/24/2011
10832,M,13,75,700,8/4/2009,4,,
10840,M,13,75,132,8/17/2009,3,,
10859,M,8,75,120,8/3/2012,3,,
10863,F,13,393,104,8/17/2009,4,,
10870,M,13,75,166,8/17/2009,2,6/15/2013,5/22/2012
10889,M,13,394,121,8/17/2009,1,,
10901,M,13,393,142,8/17/2009,1,,
10914,M,8,75,111,8/17/2009,3,,
10925,F,13,75,146,8/17/2009,3,,
10955,M,8,25,120,8/17/2009,3,,
10958,F,13,393,104,8/17/2009,1,,
10971,M,8,186,158,8/17/2009,4,,
10977,M,13,393,142,8/17/2009,1,,
10983,F,8,393,149,8/17/2009,1,,
11004,F,8,393,139,8/17/2009,2,6/18/2011,5/24/2011
11029,F,14,393,98,8/17/2009,2,6/18/2011,5/24/2011
11054,M,9,393,700,8/17/2009,4,,
11082,M,13,394,121,8/17/2009,3,,
11096,M,13,393,142,8/17/2009,1,,
11107,M,13,25,138,8/17/2009,2,1/28/2012,12/12/2011
11132,F,13,25,138,8/17/2009,4,,
11138,M,14,393,104,8/17/2009,2,1/28/2012,12/12/2011
11164,M,13,393,104,8/17/2009,4,,
11169,M,13,38,126,8/17/2009,3,,
11191,F,8,393,170,8/17/2009,1,,
11198,F,13,25,134,8/17/2009,2,6/18/2011,5/24/2011
11224,M,14,393,166,8/17/2009,2,6/18/2011,5/24/2011
11250,M,13,75,125,8/17/2009,3,,
11277,F,9,75,152,8/13/2012,2,2/6/2016,12/7/2015
11301,M,9,75,152,8/1/2020,5,,
11319,M,15,393,123,8/15/2011,3,,
11344,M,8,75,91,5/17/2010,1,,
11353,M,13,393,104,5/30/2011,3,,
11356,M,8,75,120,8/17/2009,1,,
11371,M,9,75,120,8/17/2009,1,,
11378,M,10,393,139,8/17/2009,1,,
11379,M,10,393,164,8/19/2013,1,,
11404,M,8,393,91,8/17/2009,3,,
11423,M,14,393,155,8/17/2009,2,6/16/2012,5/22/2012
11449,F,13,75,700,8/17/2009,3,,
11462,M,8,393,700,8/7/2009,4,,
11468,M,8,393,164,1/20/2014,1,,
11471,M,12,38,164,8/16/2010,3,,
11472,M,12,38,155,1/1/2021,3,,
11506,M,8,186,158,1/17/2010,1,,
11517,M,12,186,158,1/19/2010,3,,
11521,M,13,393,142,8/17/2015,2,6/15/2019,12/10/2018
11551,M,12,393,100,12/8/2009,3,,
11564,M,9,393,142,12/8/2009,3,,
11580,M,10,38,119,1/18/2010,2,10/24/2020,12/12/2019
11618,M,8,393,139,8/18/2014,2,6/16/2018,12/4/2017
11619,M,8,393,139,12/11/2009,3,,
11654,M,12,75,104,8/16/2010,1,,
11688,F,12,393,158,8/17/2015,3,,
11692,M,8,75,93,5/13/2010,3,,
11702,M,16,75,120,5/13/2010,1,,
11725,M,7,393,98,8/16/2010,1,,
11743,M,16,393,104,5/13/2010,3,,
11750,M,7,393,116,5/13/2010,3,,
11753,M,10,38,155,5/14/2010,2,1/25/2014,12/10/2012
11782,M,11,393,139,5/14/2010,3,,
11822,M,13,38,126,8/16/2010,1,,
11828,M,13,393,139,8/16/2010,2,1/25/2014,7/19/2013
11854,F,10,393,104,5/14/2010,3,,
11886,F,13,393,104,8/16/2010,1,,
11891,M,13,393,133,5/14/2010,3,,
11900,M,13,75,152,5/14/2010,3,,
11908,M,13,393,132,5/14/2010,3,,
11930,M,13,393,132,1/17/2011,1,,
11964,M,13,75,142,8/16/2010,2,6/16/2012,5/22/2012
11989,F,13,393,142,8/16/2010,1,,
11995,M,16,75,109,5/17/2010,3,,
12009,F,13,75,140,5/17/2010,3,,
12021,M,13,393,132,8/16/2010,3,,
12041,M,12,186,158,5/17/2010,3,,
12064,M,8,393,139,5/17/2010,3,,
12069,F,13,393,150,8/16/2010,2,6/14/2014,5/19/2014
12112,M,13,25,145,5/17/2010,3,,
12118,F,8,75,166,8/16/2010,3,,
12132,F,12,393,100,5/17/2010,1,,
12173,M,8,393,139,8/16/2010,2,6/15/2013,12/10/2012
12198,M,13,25,138,8/16/2010,1,,
12207,M,13,393,101,5/17/2010,3,,
12208,M,13,393,164,8/26/2014,3,,
12227,M,13,25,138,5/17/2010,3,,
12228,M,13,25,164,8/15/2016,3,,
12262,M,16,38,156,5/17/2010,3,,
12276,M,13,393,143,8/16/2010,1,,
12281,M,8,393,164,8/15/2011,3,,
12297,M,13,75,126,6/4/2010,3,,
12322,M,13,75,152,8/16/2010,1,,
12333,M,13,393,104,6/4/2010,3,,
12350,M,13,393,104,6/4/2010,3,,
12354,M,15,393,142,6/4/2010,3,,
12358,M,8,75,152,8/18/2014,3,,
12370,M,8,393,104,8/1/2020,3,,
12375,M,8,393,123,8/14/2017,3,,
12398,F,12,25,91,1/20/2014,1,,
12404,M,8,393,91,6/28/2011,3,,
12412,M,13,393,139,5/27/2011,3,,
12422,F,10,393,164,1/16/2012,2,6/16/2012,5/22/2012
12429,F,13,393,164,8/15/2011,3,,
12432,F,13,393,142,8/15/2011,2,6/15/2013,5/13/2013
12455,M,8,75,143,7/13/2010,3,,
12461,M,8,75,93,7/15/2010,3,,
12466,M,10,75,116,8/16/2010,2,1/28/2012,12/12/2011
12478,M,13,393,104,3/25/2011,1,,
12487,M,13,75,158,3/25/2011,3,,
12503,M,12,75,127,3/25/2011,3,,
12519,M,8,393,104,3/25/2011,3,,
12520,M,13,393,142,3/25/2011,1,,
12521,M,13,393,143,8/12/2013,2,6/16/2018,12/4/2017
12554,M,10,75,156,3/25/2011,3,,
12575,M,8,393,104,3/25/2011,3,,
12576,M,8,393,164,1/16/2017,3,,
12585,F,12,393,104,8/15/2011,1,,
12591,M,13,393,104,3/25/2011,3,,
12594,F,13,75,149,8/15/2011,1,,
12604,F,9,75,164,8/13/2012,4,,
12617,M,8,393,104,8/15/2011,2,6/16/2018,12/4/2017
12656,M,13,393,164,8/15/2016,2,2/11/2017,5/16/2016
12706,M,13,75,142,1/16/2012,2,6/11/2016,12/7/2015
12729,M,15,393,164,8/13/2012,2,6/14/2014,5/19/2014
12753,M,8,393,164,8/13/2012,3,,
12793,M,8,75,91,8/19/2013,1,,
12797,M,8,393,104,8/1/2019,5,,
12829,M,8,75,91,8/9/2012,1,,
12847,M,8,75,164,8/19/2013,2,2/6/2016,5/18/2015
12859,M,13,25,135,5/27/2011,4,,
12868,M,8,75,96,5/27/2011,3,,
12872,M,8,75,156,8/15/2011,2,6/15/2013,5/13/2013
12896,M,8,393,139,5/27/2011,3,,
12909,M,13,393,104,8/15/2011,3,,
12930,M,13,393,142,5/27/2011,1,,
12948,M,13,393,139,5/27/2011,3,,
12953,M,8,75,142,5/27/2011,3,,
12958,M,8,393,139,5/27/2011,1,,
12959,M,8,393,139,1/4/2018,3,,
12980,M,8,75,120,8/16/2011,3,,
12997,M,12,75,100,5/27/2011,3,,
13000,M,12,75,126,8/18/2014,2,6/16/2018,12/12/2016
13028,M,8,75,166,5/27/2011,1,,
13065,M,10,75,700,8/15/2011,1,,
13072,F,13,393,149,5/27/2011,3,,
13083,M,13,75,104,5/27/2011,3,,
13102,M,8,75,148,5/27/2011,3,,
13110,M,13,393,101,5/27/2011,3,,
13113,M,14,75,142,5/27/2011,3,,
13140,M,13,75,142,8/15/2011,2,6/15/2013,6/13/2013
13165,F,8,75,142,5/27/2011,1,,
13181,F,8,75,166,8/15/2011,2,6/15/2013,5/13/2013
13206,M,13,75,164,1/16/2012,2,2/7/2015,5/19/2014
13231,M,8,393,139,5/30/2011,3,,
13237,M,8,393,104,5/30/2011,4,,
13259,F,13,75,146,8/15/2011,3,,
13284,M,13,393,139,8/15/2011,3,,
13285,M,13,393,139,8/1/2018,3,,
13298,F,8,75,166,5/30/2011,3,,
13302,M,13,393,142,5/30/2011,2,6/16/2018,5/14/2018
13334,M,13,75,142,5/30/2011,2,6/14/2014,5/19/2014
13369,M,10,75,148,5/30/2011,1,,
13380,M,12,393,142,5/30/2011,3,,
13388,M,8,393,91,8/17/2015,3,,
13392,M,13,394,700,1/18/2012,1,,
13410,M,10,75,158,8/15/2011,2,6/13/2015,5/18/2015
13440,M,8,75,164,1/16/2012,3,,
13444,M,13,75,146,8/15/2011,3,,
13461,M,15,393,157,12/1/2015,3,,
13466,F,9,75,166,5/30/2012,3,,
13471,M,13,75,148,5/30/2011,1,,
13475,F,13,75,164,8/19/2013,3,,
13520,F,8,75,700,1/14/2013,1,,
13547,M,13,393,104,1/14/2013,2,6/24/2017,5/15/2017
13569,M,10,393,91,8/18/2014,1,,
13572,M,13,393,142,6/1/2012,3,,
13578,M,8,393,136,8/13/2012,2,2/11/2017,5/16/2016
13612,M,13,393,142,6/1/2012,1,,
13627,M,13,393,132,5/27/2012,3,,
13642,M,8,393,164,8/19/2013,5,,
13685,M,10,38,155,8/16/2012,2,6/13/2015,5/18/2015
13712,M,8,75,91,8/19/2013,3,,
13718,M,8,393,104,8/17/2012,3,,
13721,M,13,75,147,5/27/2012,3,,
13727,F,13,393,139,5/29/2012,3,,
13757,M,13,75,152,5/29/2012,4,,
13769,M,13,393,132,5/29/2012,1,,
13778,F,13,75,149,8/13/2012,3,,
13804,M,13,393,132,5/29/2012,3,,
13813,M,8,75,120,8/16/2012,1,,
13822,M,13,393,143,5/29/2012,3,,
13826,M,13,393,104,8/13/2012,2,6/13/2015,5/18/2015
13853,F,13,393,139,5/29/2012,3,,
13868,M,13,25,138,5/29/2012,2,6/11/2016,5/16/2016
13898,M,14,393,143,8/13/2012,2,6/14/2014,5/19/2014
13923,M,8,394,116,8/13/2012,2,6/11/2016,5/16/2016
13961,F,13,38,179,5/29/2012,1,,
13973,M,13,393,142,5/29/2012,2,6/16/2018,5/16/2016
14001,M,13,393,104,8/13/2012,2,6/16/2018,12/4/2017
14043,M,10,38,155,5/30/2012,3,,
14069,M,10,38,156,8/17/2015,3,,
14070,M,10,38,155,5/30/2012,3,,
14085,M,10,393,139,8/13/2012,2,6/11/2016,5/16/2016
14117,M,8,393,164,1/14/2013,3,,
14120,F,13,25,137,5/31/2012,1,,
14123,F,13,393,174,5/31/2012,3,,
14129,F,8,75,166,8/13/2012,2,2/7/2015,7/25/2014
14154,M,12,393,142,5/31/2012,1,,
14159,M,13,393,132,5/31/2012,3,,
14185,M,13,25,138,8/13/2012,2,6/13/2015,5/18/2015
14213,M,8,393,155,8/13/2012,2,10/23/2021,12/9/2020
14214,M,8,393,155,8/1/2019,1,,
14244,M,14,393,142,5/31/2012,4,,
14263,M,13,393,142,5/31/2012,1,,
14267,M,13,393,101,5/31/2012,3,,
14268,M,13,393,101,8/1/2018,3,,
14279,M,13,393,143,5/31/2012,2,6/11/2016,12/7/2015
14310,M,13,393,143,5/31/2012,1,,
14327,M,12,75,104,8/12/2013,2,6/11/2016,5/16/2016
14355,M,8,75,164,8/19/2013,3,,
14359,M,9,75,111,1/20/2013,3,,
14364,M,8,75,91,8/18/2014,2,2/11/2017,12/12/2016
14392,M,8,75,152,8/19/2013,3,,
14394,M,8,75,120,8/13/2012,3,,
14404,F,10,38,179,8/12/2013,1,,
14409,M,13,75,164,8/18/2014,3,,
14410,M,13,75,136,8/1/2018,1,,
14422,M,12,38,164,8/19/2013,4,,
14434,M,8,393,152,8/12/2013,2,2/11/2017,5/16/2016
14457,M,8,75,142,8/12/2013,1,,
14465,F,8,75,104,8/12/2013,1,,
14470,F,8,75,98,8/19/2013,1,,
14476,M,12,393,142,8/18/2014,2,6/16/2018,7/28/2017
14506,F,8,75,120,8/15/2013,2,10/15/2022,5/20/2022
14551,M,13,393,142,8/12/2013,3,,
14559,M,14,75,152,8/12/2013,4,,
14581,F,8,75,152,8/12/2013,4,,
14589,F,8,75,104,8/12/2013,1,,
14595,M,13,75,132,8/12/2013,3,,
14601,F,13,75,140,8/12/2013,3,,
14604,M,12,393,142,8/12/2013,3,,
14621,M,13,186,158,8/12/2013,4,,
14629,F,13,75,142,8/12/2013,2,2/11/2017,12/12/2016
14655,M,13,393,101,8/12/2013,2,6/16/2018,12/4/2017
14681,F,13,393,104,5/12/2013,4,,
14693,M,13,393,108,8/12/2013,3,,
14703,M,12,186,91,8/18/2014,3,,
14713,M,10,393,98,8/12/2013,1,,
14717,M,13,75,126,8/12/2013,4,,
14733,M,13,75,104,8/12/2013,3,,
14741,M,8,75,98,8/12/2013,2,2/6/2016,12/7/2015
14766,M,9,393,139,8/12/2013,1,,
14772,F,13,393,98,8/12/2013,1,,
14778,M,13,25,148,8/19/2013,3,,
14801,M,13,75,104,8/19/2013,2,6/13/2015,5/18/2015
14826,F,14,393,104,8/12/2013,4,,
14835,M,12,186,158,8/12/2013,3,,
14841,M,12,75,142,8/12/2013,1,,
14846,M,13,393,142,8/12/2013,2,6/11/2016,5/16/2016
14873,M,8,393,150,8/12/2013,3,,
14881,M,8,75,152,8/12/2013,3,,
14885,F,13,393,119,8/12/2013,1,,
14897,M,8,393,104,8/19/2013,2,6/16/2018,7/22/2016
14922,F,13,25,137,8/12/2013,3,,
14928,M,13,75,137,8/12/2013,3,,
14932,F,13,393,139,8/12/2013,4,,
14939,M,8,75,174,8/12/2013,2,2/6/2016,5/18/2015
14964,M,8,393,164,8/15/2016,3,,
14978,F,10,393,139,8/14/2017,3,,
14982,M,13,393,104,8/1/2021,5,,
14997,M,10,393,104,8/15/2022,5,,
15005,M,8,75,164,1/20/2014,3,,
15014,F,13,393,164,8/15/2016,3,,
15018,F,8,75,164,8/18/2014,3,,
15025,F,10,38,156,8/19/2013,3,,
15032,F,8,75,152,8/19/2013,1,,
15051,M,13,75,152,8/19/2013,1,,
15056,M,13,393,143,8/19/2013,3,,
15069,M,10,38,156,8/19/2013,3,,
15072,M,8,125,152,8/19/2013,3,,
15083,M,10,38,152,8/19/2013,3,,
15093,M,10,38,155,8/19/2013,4,,
15105,M,8,75,166,8/19/2013,5,,
15149,M,7,393,104,8/19/2013,3,,
15152,F,12,186,158,8/19/2013,1,,
15156,M,8,75,120,8/19/2013,3,,
15167,M,8,125,120,8/19/2013,1,,
15173,M,12,38,126,8/19/2013,3,,
15186,M,13,393,142,8/19/2013,1,,
15191,M,13,75,121,8/19/2013,3,,
15209,M,8,125,144,8/19/2013,3,,
15215,F,8,75,120,8/19/2013,1,,
15227,M,8,75,120,8/19/2013,1,,
15235,M,10,417,123,8/19/2013,3,,
15268,M,8,125,120,8/19/2013,1,,
15273,M,8,393,139,8/19/2013,1,,
15293,M,13,393,164,8/17/2015,3,,
15317,F,8,393,104,8/1/2022,5,,
15326,M,8,75,164,8/18/2014,3,,
15331,M,13,75,150,8/19/2013,3,,
15335,M,10,75,158,8/19/2013,4,,
15344,M,13,75,143,8/19/2013,3,,
15359,M,12,38,156,8/19/2013,3,,
15368,M,8,393,148,1/20/2014,1,,
15374,M,13,393,164,1/19/2015,2,6/16/2018,5/14/2018
15400,M,13,393,139,1/20/2013,3,,
15410,M,13,393,142,1/20/2013,3,,
15414,F,13,393,104,1/20/2013,1,,
15418,F,12,393,104,1/20/2014,4,,
15421,F,13,393,101,1/20/2013,3,,
15424,F,13,75,117,1/20/2014,3,,
15427,M,10,186,190,1/20/2014,3,,
15453,F,13,393,104,1/20/2013,2,6/11/2016,5/16/2016
15480,M,8,38,139,1/20/2014,3,,
15487,M,13,393,139,1/20/2014,4,,
15493,M,8,75,120,1/20/2013,3,,
15499,M,13,393,174,1/20/2013,2,6/24/2017,5/15/2017
15525,F,13,393,104,1/20/2014,4,,
15529,M,13,75,148,1/20/2013,2,10/15/2022,5/20/2022
15571,F,8,393,100,1/20/2014,4,,
15576,M,13,393,148,1/20/2013,1,,
15582,F,15,393,98,1/20/2013,1,,
15588,F,11,186,127,1/20/2014,3,,
15598,F,13,393,132,1/20/2013,1,,
15628,F,13,393,104,1/20/2013,1,,
15639,F,8,38,155,1/20/2014,1,,
15656,M,8,186,158,1/20/2014,3,,
15661,M,7,393,142,1/20/2013,3,,
15690,M,10,38,155,1/20/2012,4,,
15694,F,8,393,104,1/20/2014,4,,
15698,M,13,393,150,1/20/2014,3,,
15712,M,8,393,91,8/18/2014,4,,
15715,F,13,393,142,1/20/2014,4,,
15719,M,8,393,139,1/20/2014,3,,
15725,F,14,393,123,1/20/2014,4,,
15729,F,10,38,118,1/20/2014,3,,
15731,F,13,393,101,1/20/2013,1,,
15734,F,8,393,104,8/1/2019,3,,
15742,M,10,393,104,8/18/2014,3,,
15760,M,13,393,174,8/18/2018,2,,12/9/2022
15800,M,10,38,155,8/14/2017,3,,
15814,M,13,393,139,8/18/2014,2,6/11/2016,5/16/2016
15840,M,13,393,142,8/18/2014,3,,
15841,M,8,393,139,8/18/2014,1,,
15851,M,8,115,155,8/18/2014,3,,
15852,F,8,393,139,8/18/2014,3,,
15875,M,12,393,142,8/18/2014,3,,
15876,M,9,186,127,8/18/2014,3,,
15877,M,13,25,138,8/18/2014,1,,
15883,M,13,393,142,8/18/2014,3,,
15884,M,8,75,125,8/18/2014,2,10/24/2020,6/19/2020
15929,M,12,393,104,8/1/2018,5,,
15930,M,12,393,104,8/18/2014,3,,
15974,M,8,393,120,8/18/2014,3,,
15975,M,8,393,158,8/18/2014,2,10/23/2021,5/20/2021
16014,F,10,393,139,8/18/2014,3,,
16015,F,10,75,140,8/18/2014,2,6/24/2017,5/15/2017
16046,M,8,75,148,8/18/2014,3,,
16047,M,13,38,126,8/18/2014,3,,
16061,M,13,186,126,8/18/2014,2,6/16/2018,5/15/2017
16092,F,7,393,98,8/18/2014,4,,
16103,M,10,38,126,8/18/2014,3,,
16104,M,10,38,126,8/18/2014,3,,
16112,M,8,393,174,8/8/2014,3,,
16127,M,13,75,129,8/18/2014,1,,
16134,M,13,393,174,8/18/2014,3,,
16161,M,13,25,116,8/18/2014,3,,
16168,M,13,393,142,8/18/2014,3,,
16189,F,10,75,129,8/18/2014,3,,
16198,M,8,75,122,8/18/2014,3,,
16199,M,12,186,158,8/18/2014,3,,
16200,M,8,393,104,8/18/2014,2,10/24/2020,7/27/2019
16233,M,13,393,104,8/1/2020,3,,
16239,M,13,393,142,8/18/2014,3,,
16256,M,13,393,139,8/18/2014,3,,
16257,M,8,75,166,8/18/2014,3,,
16258,F,8,75,140,8/18/2014,3,,
16272,M,13,393,104,8/18/2014,2,10/23/2021,12/9/2020
16315,M,13,75,120,8/18/2014,3,,
16316,M,13,25,123,8/18/2014,1,,
16317,M,13,393,107,8/18/2014,3,,
16320,M,8,393,139,8/17/2015,1,,
16339,M,13,393,164,8/1/2018,2,10/24/2020,6/9/2020
16353,M,13,393,142,1/19/2015,2,6/16/2018,5/15/2017
16377,M,8,75,101,8/15/2016,3,,
16378,M,8,393,164,1/19/2015,1,,
16382,M,13,393,164,8/15/2016,2,6/16/2018,5/14/2018
16407,M,8,38,91,8/18/2014,3,,
16412,M,8,38,155,8/18/2014,3,,
16418,M,8,75,91,8/15/2016,1,,
16419,M,8,75,166,8/17/2015,3,,
16428,M,8,393,93,8/18/2014,2,6/16/2018,12/4/2017
16462,M,10,186,158,8/18/2014,1,,
16477,M,13,393,104,8/18/2014,2,6/16/2018,5/14/2018
16509,M,13,75,139,8/18/2014,2,10/24/2020,12/12/2019
16551,M,15,393,123,1/1/2019,3,,
16567,M,13,393,164,8/17/2015,1,,
16589,M,12,393,104,8/18/2014,1,,
16602,F,10,38,149,8/18/2014,1,,
16612,F,13,393,98,8/18/2014,1,,
16627,M,8,75,120,8/18/2014,2,6/15/2019,5/16/2019
16663,F,13,393,143,8/18/2014,2,6/16/2018,12/4/2017
16696,M,13,393,155,8/18/2014,1,,
16697,M,13,393,164,8/14/2017,3,,
16712,M,8,38,155,8/18/2014,3,,
16716,M,13,393,119,8/17/2015,2,6/15/2019,12/10/2018
16745,M,15,393,141,8/17/2015,1,,
16746,M,15,393,141,8/19/2019,2,10/15/2022,12/9/2021
16768,M,13,25,135,8/17/2015,3,,
16773,M,9,75,166,8/17/2015,3,,
16790,F,13,393,164,1/1/2021,5,,
16795,M,12,186,158,8/17/2015,3,,
16803,M,12,186,158,8/17/2015,1,,
16809,M,14,186,158,8/17/2015,2,6/16/2018,7/28/2017
16836,F,12,186,127,8/17/2015,1,,
16841,F,8,75,149,8/17/2015,3,,
16842,F,13,394,116,8/17/2015,2,6/16/2018,12/4/2017
16871,M,12,38,155,8/17/2015,1,,
16878,M,10,38,155,8/17/2015,3,,
16879,M,12,186,158,8/17/2015,3,,
16883,M,8,38,158,8/17/2015,2,6/16/2018,5/14/2018
16908,M,7,393,164,8/19/2019,2,10/15/2022,5/20/2021
16920,M,12,393,164,1/18/2016,2,10/24/2020,6/19/2020
16921,M,12,393,104,8/1/2018,1,,
16952,M,8,393,139,1/14/2019,5,,1/9/2023
16974,F,8,38,155,8/17/2015,1,,
16993,M,13,393,133,8/17/2015,3,,
17004,M,13,393,180,8/17/2015,3,,
17013,M,8,75,166,8/17/2017,3,,
17037,M,8,75,148,8/17/2015,2,6/24/2017,5/15/2017
17066,M,14,38,155,8/17/2015,3,,
17094,M,8,393,139,8/17/2015,1,,
17110,F,13,393,104,8/17/2015,3,,
17115,F,15,108,146,8/17/2015,3,,
17116,M,13,393,104,8/17/2015,3,,
17147,M,8,393,158,8/17/2015,3,,
17148,M,8,393,158,8/14/2023,1,,
17149,M,8,75,120,8/17/2015,3,,
17153,F,13,393,104,8/17/2015,3,,
17157,M,12,75,93,8/17/2015,3,,
17163,F,13,393,142,8/17/2015,1,,
17169,M,8,393,104,8/17/2015,3,,
17197,M,13,393,142,8/17/2015,3,,
17204,M,13,75,191,8/17/2015,3,,
17205,M,9,393,104,8/17/2015,3,,
17206,M,9,393,104,1/1/2019,3,,
17220,M,13,393,174,8/17/2015,3,,
17228,M,8,393,104,8/17/2015,2,10/24/2020,7/27/2019
17262,M,13,393,104,8/17/2015,2,6/16/2018,7/28/2017
17288,M,13,393,139,8/17/2015,3,,
17318,M,12,393,104,8/17/2015,3,,
17324,M,8,393,104,8/17/2015,2,10/15/2022,7/22/2022
17368,M,10,393,139,8/15/2016,3,,
17369,M,10,393,139,8/17/2015,1,,
17387,M,15,393,104,8/17/2015,2,10/23/2021,12/10/2018
17418,M,9,393,174,8/17/2015,5,,
17454,M,13,393,142,8/17/2015,1,,
17461,M,13,25,134,8/17/2015,3,,
17462,M,8,75,148,8/17/2015,3,,
17463,M,9,393,139,8/17/2015,3,,
17464,M,13,393,142,8/17/2015,3,,
17465,M,14,393,164,8/15/2016,3,,
17493,M,8,393,164,1/18/2016,2,6/16/2018,5/14/2018
17515,M,8,75,91,8/17/2015,2,10/15/2022,5/20/2022
17555,F,8,75,139,8/17/2015,1,,
17556,M,8,75,167,8/1/2019,3,,
17566,M,8,393,101,8/17/2015,3,,
17568,F,8,75,151,8/17/2015,3,,
17570,M,8,75,166,8/17/2015,3,,
17575,M,8,700,93,8/17/2015,3,,
17576,M,8,75,166,8/17/2015,3,,
17581,M,8,75,120,8/17/2015,3,,
17591,M,8,75,166,8/17/2015,1,,
17603,F,8,75,166,8/17/2015,5,,
17640,M,8,75,166,8/17/2015,3,,
17653,M,8,75,166,8/17/2015,3,,
17666,M,10,75,166,8/17/2015,3,,
17667,M,13,75,136,8/17/2015,3,,
17668,M,13,75,136,8/14/2017,2,10/15/2022,5/20/2022
17703,F,13,393,133,8/17/2015,3,,
17724,M,8,38,155,8/17/2015,2,10/24/2020,12/12/2019
17759,F,10,393,118,8/17/2015,3,,
17761,M,13,75,174,8/17/2015,3,,
17762,M,8,393,139,8/17/2015,1,,
17774,M,13,38,155,8/17/2015,2,6/24/2017,5/15/2017
17802,M,12,393,158,8/17/2015,2,6/16/2018,5/14/2018
17833,M,13,75,111,8/17/2015,3,,
17842,M,15,393,126,8/17/2015,3,,
17850,M,15,393,123,8/17/2015,3,,
17854,F,15,393,123,8/14/2017,2,6/15/2019,5/16/2019
17882,M,12,75,127,8/17/2015,1,,
17888,M,13,393,104,8/15/2016,1,,
17904,M,8,38,155,8/15/2016,3,,
17936,M,12,186,126,8/15/2016,3,,
17945,M,10,38,155,8/15/2016,3,,
17975,M,13,394,172,8/1/2022,5,,
17981,F,16,75,149,8/15/2016,2,10/24/2020,12/12/2019
18008,M,16,393,139,1/1/2022,5,,
18014,M,16,393,155,8/15/2016,2,6/15/2019,7/27/2018
18043,M,16,38,124,8/15/2016,3,,
18052,M,16,393,98,8/15/2016,2,10/23/2021,12/9/2020
18079,M,16,393,104,8/15/2016,3,,
18081,M,16,186,184,8/15/2016,3,,
18089,M,11,186,158,8/15/2016,1,,
18096,M,13,393,164,8/14/2017,3,,
18100,M,16,186,158,8/14/2017,1,,
18114,M,16,75,129,8/15/2016,2,6/15/2019,7/27/2018
18141,M,16,393,142,8/15/2016,2,10/24/2020,12/12/2019
18171,F,16,75,120,8/15/2016,1,,
18191,M,13,393,104,8/15/2016,2,6/16/2018,5/14/2018
18219,M,16,75,136,8/15/2016,2,6/16/2018,5/14/2018
18247,F,8,186,164,8/13/2018,2,10/15/2022,5/20/2022
18269,F,16,393,140,8/15/2016,3,,
18274,M,16,393,139,8/14/2017,3,,
18285,M,16,393,98,8/15/2016,2,10/15/2022,12/12/2019
18318,M,16,393,142,8/15/2016,2,10/15/2022,7/22/2022
18355,M,16,75,185,8/15/2016,3,,
18363,F,16,75,149,8/15/2016,3,,
18365,M,16,393,104,8/15/2016,3,,
18385,M,16,393,104,8/14/2017,2,6/15/2019,5/16/2019
18401,M,16,393,104,8/15/2016,3,,
18426,M,16,393,142,8/15/2016,1,,
18439,M,16,75,146,8/15/2016,3,,
18473,M,16,393,98,8/15/2016,2,6/16/2018,5/14/2018
18501,M,16,186,127,8/15/2016,3,,
18505,M,9,393,142,8/15/2016,2,6/15/2019,5/16/2019
18533,M,8,75,120,8/15/2016,3,,
18534,F,16,393,101,8/15/2016,3,,
18548,M,13,393,142,8/15/2016,3,,
18549,M,16,393,164,1/16/2017,1,,
18564,M,16,393,133,8/15/2016,2,6/15/2019,5/16/2019
18594,M,16,75,120,8/15/2016,2,6/15/2019,12/10/2018
18620,F,16,393,139,8/15/2016,2,6/16/2018,5/14/2018
18649,M,12,75,185,8/15/2016,3,,
18659,M,16,393,104,8/15/2016,3,,
18660,M,16,75,136,8/15/2016,3,,
18662,M,16,393,139,8/15/2016,2,10/23/2021,12/9/2020
18700,M,16,75,166,8/15/2016,2,10/24/2020,6/19/2020
18734,F,9,75,120,8/15/2016,3,,
18742,M,16,393,164,8/14/2017,2,10/24/2020,6/19/2020
18768,F,16,393,164,8/1/2021,5,,
18776,M,16,393,142,8/15/2016,2,10/24/2020,12/12/2019
18805,M,16,393,104,8/15/2016,3,,
18806,F,16,393,164,8/15/2022,5,,
18813,M,16,75,147,8/15/2016,1,,
18821,M,16,75,122,8/15/2016,3,,
18826,M,16,393,104,1/16/2017,2,6/15/2019,5/16/2019
18855,M,16,38,164,8/14/2017,3,,
18871,M,10,393,104,8/9/2016,3,,
18880,F,16,75,140,8/14/2017,1,,
18897,M,13,38,126,8/1/2018,3,,
18904,M,16,393,164,8/1/2020,3,,
18913,M,13,393,101,8/1/2018,3,,
18916,M,13,393,175,8/14/2017,3,,
18926,M,16,393,104,8/14/2017,3,,
18931,M,16,393,104,8/14/2017,3,,
18936,M,16,75,111,8/14/2017,3,,
18943,M,16,393,152,1/4/2018,1,,
18959,M,13,393,133,8/14/2017,3,,
18969,M,8,393,197,8/14/2017,3,,
18978,M,12,186,158,8/14/2017,3,,
19000,M,13,75,166,8/18/2018,2,,12/9/2022
19032,M,16,75,185,8/14/2017,3,,
19042,M,12,186,155,8/14/2017,1,,
19072,F,8,75,167,8/14/2017,1,,
19083,M,8,75,111,8/14/2017,3,,
19094,M,13,393,142,8/14/2017,5,,
19136,M,13,75,104,8/14/2017,3,,
19156,F,16,186,126,8/14/2017,3,,
19165,M,13,393,139,8/14/2017,5,,
19196,M,8,75,120,8/14/2017,1,,
19212,M,16,393,142,8/14/2017,5,,
19253,M,13,75,185,8/14/2017,3,,
19262,M,8,75,129,8/1/2018,5,,
19298,M,13,38,155,8/1/2018,2,10/24/2020,7/31/2020
19325,M,13,393,142,8/1/2018,3,,
19330,M,13,393,142,8/1/2018,3,,
19344,M,13,393,142,1/1/2019,1,,
19357,M,13,393,104,8/1/2018,3,,
19363,F,15,393,119,8/1/2018,3,,
19373,M,15,393,174,8/14/2017,3,,
19376,F,10,38,155,8/14/2017,2,10/15/2022,5/20/2022
19412,M,15,393,139,8/14/2017,3,,
19413,M,15,393,139,8/1/2022,5,,
19444,M,13,25,138,8/14/2017,3,,
19451,M,12,186,193,8/14/2017,1,,
19472,M,13,38,155,8/14/2017,2,6/15/2019,5/16/2019
19499,M,13,393,133,8/14/2017,1,,
19529,M,13,75,120,8/14/2017,3,,
19542,F,13,393,104,8/14/2017,1,,
19549,M,15,393,104,8/14/2017,2,6/15/2019,5/16/2019
19575,M,15,393,139,8/14/2017,3,,
19598,M,13,393,104,8/14/2017,2,6/15/2019,5/16/2019
19625,M,13,393,104,8/14/2017,1,,
19633,M,8,75,120,8/14/2017,3,,
19650,M,13,393,132,8/14/2017,2,6/15/2019,5/16/2019
19676,F,13,393,104,8/14/2017,2,6/15/2019,5/16/2019
19702,M,8,393,142,8/14/2017,3,,
19716,M,13,393,142,8/14/2017,3,,
19732,M,13,393,104,8/14/2017,3,,
19733,M,13,393,104,8/1/2022,5,,
19752,M,9,186,158,8/14/2017,1,,
19769,M,13,393,142,8/14/2017,1,,
19783,M,13,393,133,8/14/2017,2,10/23/2021,7/23/2021
19817,F,8,393,104,8/14/2017,2,10/24/2020,7/27/2019
19845,M,13,393,197,8/1/2018,1,,
19850,F,13,393,133,8/14/2017,2,10/15/2022,5/20/2022
19893,M,13,393,196,8/14/2017,1,,
19911,M,8,393,197,8/14/2017,3,,
19918,M,13,75,120,8/14/2017,2,10/24/2020,6/19/2020
19954,M,8,38,118,8/14/2017,3,,
19979,M,12,393,119,8/14/2017,2,10/23/2021,5/20/2021
20012,M,8,25,134,8/14/2017,4,,
20031,M,13,393,119,8/14/2017,2,10/24/2020,12/12/2019
20058,M,13,38,155,8/14/2017,3,,
20065,F,13,393,202,8/14/2017,2,10/23/2021,5/20/2021
20101,M,8,75,166,8/17/2020,5,,
20127,M,10,75,104,8/1/2018,1,,
20132,M,8,393,132,8/14/2017,1,,
20146,M,13,75,93,8/1/2018,3,,
20160,M,8,75,197,8/1/2018,3,,
20176,M,13,393,133,8/1/2018,1,,
20182,M,13,393,104,8/1/2018,3,,
20183,M,12,38,126,8/13/2018,2,10/23/2021,12/9/2020
20215,M,15,38,126,8/13/2018,5,,1/17/2023
20250,M,8,75,120,8/1/2018,1,,
20258,M,8,393,119,8/1/2018,5,,
20295,M,13,393,132,8/1/2018,3,,
20300,M,12,38,126,8/1/2018,1,,
20310,M,13,393,104,8/13/2018,2,10/23/2021,5/20/2021
20345,F,8,393,104,8/13/2018,2,10/23/2021,7/23/2021
20378,M,13,393,142,8/1/2018,5,,
20407,M,11,393,158,8/1/2018,3,,
20424,M,13,393,139,8/1/2018,1,,
20437,M,8,393,104,8/1/2018,3,,
20438,F,8,393,139,8/1/2018,5,,
20482,M,13,393,180,8/1/2018,3,,
20483,M,8,393,142,8/1/2018,1,,
20520,M,13,393,104,8/1/2018,5,,
20562,M,13,25,172,1/13/2020,2,10/15/2022,5/20/2022
20586,M,8,75,120,8/1/2018,3,,
20592,M,13,393,133,8/1/2018,3,,
20601,M,12,38,126,8/1/2018,3,,
20626,M,13,75,146,8/1/2018,3,,
20627,M,13,75,148,8/13/2018,2,10/23/2021,5/20/2021
20660,M,13,38,126,8/1/2018,1,,
20668,M,10,38,156,8/1/2018,3,,
20675,M,13,393,104,8/1/2018,1,,
20710,F,9,38,155,8/1/2018,1,,
20725,M,8,186,127,8/1/2018,1,,
20742,F,15,38,155,8/13/2018,2,10/15/2022,12/9/2021
20782,F,13,393,104,8/1/2018,1,,
20809,M,12,38,124,8/1/2018,1,,
20821,M,13,393,175,8/1/2018,1,,
20831,F,13,393,202,8/1/2018,3,,
20849,M,12,393,104,8/1/2018,3,,
20858,F,12,393,174,8/13/2018,2,10/24/2020,6/19/2020
20888,M,13,393,174,8/1/2018,3,,
20912,F,13,393,104,8/1/2020,5,,
20934,M,8,75,120,8/1/2018,3,,
20936,M,13,393,104,8/1/2018,5,,
20969,M,13,38,155,8/13/2018,2,10/23/2021,7/23/2021
21005,M,8,75,152,8/1/2019,1,,
21023,M,13,186,158,8/1/2018,3,,
21029,M,13,393,104,8/1/2018,3,,
21039,M,8,393,104,8/1/2018,1,,
21049,F,13,393,142,8/13/2018,2,10/24/2020,6/19/2020
21080,M,12,393,104,8/13/2018,2,10/23/2021,5/20/2021
21112,M,12,186,158,8/13/2018,2,10/23/2021,12/9/2020
21144,M,15,186,158,8/1/2018,1,,
21171,M,12,393,104,8/1/2018,3,,
21185,F,13,393,142,8/13/2018,2,10/24/2020,6/19/2020
21212,F,8,38,155,8/1/2018,3,,
21217,F,13,75,111,8/1/2018,3,,
21226,M,13,393,104,8/13/2018,2,10/23/2021,5/20/2021
21262,M,13,393,104,8/1/2018,3,,
21274,F,9,75,149,8/1/2018,1,,
21289,M,8,393,119,8/1/2018,3,,
21291,M,15,75,120,8/13/2018,2,10/23/2021,5/20/2021
21323,M,8,75,120,8/13/2018,2,10/23/2021,5/20/2021
21358,F,8,75,93,1/18/2021,5,,8/29/2022
21370,M,8,38,169,8/1/2021,1,,
21371,M,8,38,126,8/1/2018,3,,
21387,M,8,75,120,8/1/2018,5,,
21420,F,8,75,129,8/1/2022,5,,
21425,F,8,75,93,8/1/2018,3,,
21431,M,8,75,152,1/1/2019,3,,
21435,M,8,75,120,8/1/2018,1,,
21456,M,10,38,155,8/1/2018,3,,
21464,M,8,393,104,8/13/2018,2,10/15/2022,5/20/2022
21500,M,8,38,126,8/1/2018,3,,
21509,M,13,393,116,8/13/2018,2,10/15/2022,12/9/2021
21539,M,13,393,116,8/13/2018,2,10/15/2022,5/18/2020
21570,M,13,393,104,8/1/2018,5,,
21597,M,13,393,139,8/1/2018,3,,
21618,M,13,75,163,8/15/2022,5,,
21629,M,13,393,174,8/1/2018,3,,
21635,M,10,38,155,8/1/2018,5,,
21673,M,13,393,142,8/1/2018,3,,
21681,M,13,393,142,8/13/2018,2,10/23/2021,5/20/2021
21712,M,8,393,104,8/13/2018,2,10/15/2022,12/9/2021
21741,M,13,38,155,8/13/2018,2,10/15/2022,5/20/2022
21779,M,8,75,120,8/1/2018,3,,
21780,F,10,75,120,8/1/2018,3,,
21792,M,13,393,119,8/1/2018,1,,
21797,M,9,186,152,8/1/2021,5,,
21811,M,10,38,155,8/13/2018,2,10/15/2022,7/22/2022
21852,M,13,25,103,8/1/2018,5,,
21888,F,13,25,138,8/13/2018,2,10/23/2021,5/20/2021
21918,M,8,75,120,8/1/2018,1,,
21924,M,13,25,172,1/14/2019,1,,
21935,M,13,393,119,8/1/2018,3,,
21947,M,8,38,155,8/1/2019,3,,
21954,F,13,393,197,8/1/2019,3,,
21960,M,8,393,104,8/1/2018,3,,
21961,M,13,393,119,8/1/2019,1,,
21973,M,13,38,126,8/1/2019,1,,
21998,M,13,393,132,8/19/2019,2,10/23/2021,5/20/2021
22025,F,8,25,108,8/1/2019,1,,
22039,M,13,393,104,8/19/2019,2,10/15/2022,5/20/2022
22065,M,16,393,132,8/1/2019,5,,
22096,F,13,393,119,8/1/2019,3,,
22106,M,10,393,139,8/1/2019,1,,
22113,M,8,393,142,8/19/2019,5,,
22143,M,11,186,158,8/1/2019,1,,
22148,M,8,393,142,8/1/2019,3,,
22149,M,13,393,164,8/15/2022,5,,
22157,F,13,393,142,8/19/2019,2,10/15/2022,5/20/2022
22187,F,8,393,142,8/1/2019,5,,
22205,F,13,186,158,8/1/2021,5,,
22214,F,10,186,158,8/1/2019,3,,
22221,M,8,38,155,8/1/2019,3,,
22235,M,12,393,104,8/1/2019,3,,
22240,F,8,75,140,8/1/2019,3,,
22248,M,13,394,187,8/19/2019,2,10/23/2021,5/20/2021
22277,M,8,393,100,8/1/2019,3,,
22279,M,13,75,120,1/1/2022,5,,
22282,M,12,186,127,8/1/2019,3,,
22297,M,9,186,158,8/1/2019,5,,
22326,M,13,38,155,8/1/2019,3,,
22337,F,15,186,158,8/19/2019,2,10/23/2021,7/23/2021
22368,M,12,186,127,8/1/2019,1,,
22377,M,11,186,127,8/19/2019,2,10/15/2022,5/20/2022
22411,F,12,186,193,8/1/2019,1,,
22417,M,13,393,98,8/1/2019,5,,
22443,M,13,393,139,8/1/2019,1,,
22449,M,8,393,197,8/1/2019,5,,
22479,M,13,393,139,8/1/2019,5,,
22509,M,12,393,142,8/19/2019,2,10/15/2022,5/20/2022
22539,M,15,393,197,8/1/2019,3,,
22550,M,8,393,104,8/19/2019,5,,1/17/2023
22584,F,15,393,104,8/17/2020,5,,1/4/2023
22608,M,13,393,139,8/1/2019,3,,
22618,F,8,75,93,8/1/2019,1,,
22622,M,16,75,136,8/1/2020,5,,
22631,M,13,38,155,8/1/2019,3,,
22638,M,15,393,133,8/1/2019,4,,
22677,M,8,393,119,8/1/2019,3,,
22686,M,15,393,104,8/15/2022,5,,
22691,M,15,393,98,8/19/2019,3,,
22702,M,13,393,142,8/1/2019,3,,
22704,F,8,393,197,8/1/2019,5,,
22722,M,15,38,155,8/19/2019,2,10/15/2022,12/9/2021
22752,M,8,75,146,8/1/2019,3,,
22762,M,16,393,104,8/1/2019,3,,
22767,M,8,393,101,1/1/2021,5,,
22768,M,8,393,100,8/1/2019,3,,
22777,M,13,393,133,8/1/2019,1,,
22796,F,8,393,142,8/19/2019,1,,
22820,M,13,75,111,8/1/2019,5,,
22835,M,13,393,126,8/1/2019,3,,
22850,M,8,75,120,8/1/2019,1,,
22861,M,13,75,152,8/1/2019,3,,
22887,M,15,38,155,8/1/2019,1,,
22910,M,13,25,172,8/1/2019,3,,
22921,M,13,393,143,8/1/2019,3,,
22940,M,10,38,126,8/1/2019,5,,
22968,M,10,38,126,8/1/2019,5,,
22996,M,8,25,103,8/1/2019,3,,
23003,F,15,393,100,8/1/2019,3,,
23005,M,13,38,155,8/19/2019,2,10/15/2022,12/9/2021
23032,F,8,75,125,1/17/2023,5,,
23033,F,8,75,125,8/1/2019,3,,
23042,M,10,186,158,8/1/2019,1,,
23044,M,15,393,139,8/1/2019,3,,
23051,F,11,186,158,8/1/2019,3,,
23061,M,8,38,155,8/1/2019,3,,
23071,M,13,393,104,8/1/2019,1,,
23089,F,8,38,155,8/1/2019,3,,
23097,M,12,186,158,8/1/2020,3,,
23109,M,13,393,180,8/1/2020,3,,
23115,M,17,393,104,8/1/2022,5,,
23125,M,15,393,123,1/1/2020,5,,
23149,M,13,25,172,8/1/2020,5,,
23162,M,13,393,142,8/1/2020,3,,
23174,F,13,393,132,8/1/2020,5,,
23199,M,13,393,142,1/1/2022,5,,
23211,M,13,393,175,8/1/2020,3,,
23217,F,8,75,149,8/17/2020,5,,1/18/2023
23248,M,13,393,119,8/1/2020,5,,
23268,F,15,393,197,8/17/2020,2,,12/9/2022
23300,M,13,393,139,8/17/2020,2,10/15/2022,7/22/2022
23330,F,13,393,142,8/1/2021,3,,
23332,F,9,393,142,8/1/2020,1,,
23344,M,13,393,139,8/17/2020,2,10/15/2022,5/20/2022
23372,F,8,393,150,8/1/2020,1,,
23388,M,9,393,104,8/1/2020,5,,
23406,M,13,393,197,1/18/2021,5,,
23431,M,13,393,197,8/1/2020,3,,
23437,M,13,393,139,8/1/2020,1,,
23468,M,8,393,104,8/1/2020,3,,
23476,M,8,393,139,8/1/2020,3,,
23490,F,8,75,120,8/1/2020,5,,
23503,M,15,393,148,8/1/2020,5,,
23527,F,8,393,104,8/1/2020,3,,
23533,M,15,393,104,8/17/2020,2,10/15/2022,5/20/2022
23564,M,13,393,104,8/1/2020,3,,
23565,M,13,393,104,8/17/2020,5,,1/12/2023
23600,M,8,75,120,8/15/2022,5,,
23609,M,15,38,126,8/1/2020,3,,
23610,F,8,75,149,8/15/2022,5,,
23617,F,13,75,93,8/1/2020,5,,
23638,M,13,75,136,1/18/2021,5,,
23666,F,8,75,140,8/1/2020,1,,
23687,M,10,38,155,8/1/2020,3,,
23695,F,8,393,180,8/17/2020,2,10/15/2022,5/20/2022
23725,M,13,394,164,8/15/2022,5,,
23732,M,15,186,158,8/17/2020,1,,1/18/2023
23764,F,15,186,152,8/1/2022,5,,
23765,F,15,186,158,8/1/2020,3,,
23787,M,12,186,158,8/1/2020,5,,
23817,M,15,186,158,8/17/2020,2,10/15/2022,7/22/2022
23849,M,8,75,136,8/1/2020,3,,
23855,M,10,75,148,8/1/2020,3,,
23856,M,8,186,166,8/1/2020,5,,
23885,M,15,75,148,1/1/2022,5,,
23892,M,13,393,142,8/1/2020,5,,
23919,M,13,393,139,1/17/2023,5,,
23921,F,8,75,152,8/1/2022,5,,
23933,M,10,75,169,8/13/2020,5,,1/4/2023
23963,M,8,393,104,8/1/2020,1,,
23972,M,13,75,152,8/17/2020,2,10/15/2022,5/20/2022
24001,M,13,393,121,8/17/2020,5,,1/17/2023
24028,M,13,393,132,8/17/2020,2,10/15/2022,7/22/2022
24060,M,8,75,195,8/1/2020,3,,
24061,M,13,25,135,8/1/2020,3,,
24072,M,13,393,104,8/1/2020,5,,
24086,F,15,393,104,8/1/2020,3,,
24093,M,15,38,155,8/17/2020,2,10/15/2022,5/20/2022
24121,M,13,393,119,8/17/2020,5,,
24146,F,13,75,149,1/1/2021,5,,
24167,M,13,393,104,8/1/2020,3,,
24173,M,12,393,104,8/1/2020,3,,
24179,F,12,186,193,8/1/2020,3,,
24187,M,15,75,142,8/1/2020,3,,
24191,M,13,38,156,8/1/2021,5,,
24194,M,13,75,120,8/16/2021,5,,1/3/2023
24222,F,8,468,149,1/1/2022,5,,
24226,M,13,393,104,8/1/2021,5,,
24245,M,15,393,174,8/1/2021,5,,
24265,M,8,75,134,8/1/2021,5,,
24287,F,11,393,104,8/1/2021,5,,
24294,M,8,25,134,8/1/2021,5,,
24315,M,13,25,134,8/1/2021,5,,
24330,F,8,393,150,8/1/2021,5,,
24358,M,13,75,120,8/15/2022,5,,
24365,M,13,75,149,8/1/2021,5,,
24369,M,11,393,127,8/1/2021,5,,
24396,M,8,75,166,1/1/2022,5,,
24407,F,13,393,139,1/17/2023,5,,
24412,M,13,186,190,8/1/2021,5,,
24420,M,8,75,140,8/1/2021,5,,
24432,M,8,393,139,8/1/2021,4,,
24443,F,13,393,133,8/1/2021,1,,
24456,M,13,25,103,8/1/2021,5,,
24485,F,10,75,152,8/1/2021,5,,
24509,F,10,75,120,8/1/2021,5,,
24528,F,13,393,174,8/16/2021,5,,
24556,F,13,393,197,8/1/2021,3,,
24558,M,14,38,128,1/1/2022,5,,
24571,F,12,25,190,8/1/2021,5,,
24582,M,8,393,104,8/1/2021,5,,
24610,M,8,25,117,8/1/2021,1,,
24637,F,13,393,104,8/1/2021,5,,
24659,M,13,393,133,8/1/2021,1,,
24672,M,8,393,139,8/1/2021,5,,
24688,M,13,393,104,8/1/2021,5,,
24696,M,13,393,142,8/16/2021,5,,1/17/2023
24723,M,13,393,198,8/1/2021,5,,
24736,F,13,393,104,8/1/2021,5,,
24755,M,13,75,144,8/1/2021,5,,
24761,M,12,393,133,8/1/2021,5,,
24788,M,13,393,142,8/1/2021,5,,
24814,M,14,25,120,1/1/2022,5,,
24827,M,13,393,104,8/1/2021,5,,
24832,M,10,38,156,8/1/2021,3,,
24835,M,8,186,158,8/1/2021,5,,
24858,M,12,186,127,8/1/2021,5,,
24883,F,8,75,93,8/1/2021,5,,
24889,M,8,394,117,8/1/2021,1,,
24913,F,15,393,119,8/1/2021,5,,
24936,M,15,393,133,1/17/2023,5,,
24939,M,8,393,164,8/1/2022,5,,
24950,M,9,393,139,8/1/2022,5,,
24955,M,13,25,134,8/1/2021,5,,
24963,M,13,393,104,8/15/2022,5,,
24972,M,13,75,185,8/1/2022,5,,
24983,M,11,186,158,8/1/2021,5,,
24989,F,12,186,158,8/1/2021,5,,
25005,F,8,75,120,1/1/2022,5,,
25012,F,13,75,111,8/1/2022,5,,
25026,M,8,393,172,1/1/2022,5,,
25043,M,8,468,148,1/1/2022,5,,
25054,M,12,393,123,1/1/2022,5,,
25064,F,15,25,194,1/1/2022,5,,
25081,M,8,75,111,8/1/2022,1,,
25083,M,12,393,119,8/1/2022,5,,
25095,M,13,393,139,8/1/2022,5,,
25109,M,13,394,98,8/1/2022,5,,
25120,M,13,393,98,8/1/2022,5,,
25134,M,13,186,155,8/1/2022,5,,
25148,F,13,393,132,8/1/2022,5,,
25163,M,13,393,133,8/1/2022,5,,
25177,M,8,75,185,8/1/2022,5,,
25191,M,13,75,185,8/1/2022,1,,
25199,M,8,75,129,8/1/2022,5,,
25202,F,8,393,104,8/1/2022,5,,
25215,M,13,393,197,8/1/2022,5,,
25229,M,8,38,155,8/1/2022,5,,
25231,M,12,186,190,8/1/2022,5,,
25244,M,13,75,120,8/1/2022,1,,
25251,M,17,1005,123,8/1/2022,5,,
25253,M,8,38,126,8/1/2022,5,,
25264,M,8,75,120,8/1/2022,5,,
25275,M,8,38,155,8/1/2022,5,,
25281,M,13,393,143,1/16/2022,5,,
25285,M,13,393,133,1/17/2023,5,,
25290,M,13,393,197,8/1/2022,1,,
25297,F,10,393,104,8/1/2022,5,,
25311,M,8,75,136,8/1/2022,5,,
25321,M,8,38,126,8/1/2022,5,,
25336,M,9,186,126,8/1/2022,5,,
25348,M,13,393,104,8/1/2022,5,,
25354,M,13,38,156,8/1/2022,5,,
25365,M,13,186,158,8/1/2022,5,,
25378,M,8,393,104,8/1/2022,2,,
25382,M,8,75,111,8/1/2022,1,,
25390,M,13,393,119,8/1/2022,5,,
25398,F,12,393,172,8/1/2022,5,,
25409,F,13,393,142,8/1/2022,5,,
25421,F,8,75,93,8/1/2022,5,,
25428,M,15,393,142,8/1/2022,5,,
25442,M,12,38,155,8/1/2022,5,,
25444,M,13,393,104,8/15/2022,1,,
25452,F,13,75,93,8/1/2022,5,,
25457,F,8,393,104,8/1/2022,1,,
25464,M,12,186,193,8/1/2022,5,,
25470,F,9,186,158,8/1/2022,5,,
25481,F,12,186,127,8/14/2023,1,,
25687,F,16,75,164,8/14/2006,4,,
25743,F,10,186,164,1/16/2006,1,,
